专业类别,样本量,precision,recall,f1-score,accuracy
0,11,1.0,1.0,1.0,1.0
1,22,0.8741258741258741,0.8181818181818182,0.8181818181818182,0.8181818181818182
2,29,0.7978363759296822,0.7931034482758621,0.7916114058355437,0.7931034482758621
3,66,0.8611382113821139,0.8333333333333334,0.8308954415292933,0.8333333333333334
4,93,0.9272125723738627,0.9139784946236559,0.9137395459976104,0.9139784946236559
5,31,0.9354838709677419,0.9354838709677419,0.9354838709677419,0.9354838709677419
6,3,1.0,1.0,1.0,1.0
